{
  "results": [
    {
      "command": "dart run build_runner build --delete-conflicting-outputs",
      "mean": 13.466712072640002,
      "stddev": 0.07533562356721335,
      "median": 13.44997186874,
      "user": 17.75577304,
      "system": 1.2171556599999998,
      "min": 13.31360501424,
      "max": 13.58089251424,
      "times": [
        13.44595243124,
        13.43711959724,
        13.31360501424,
        13.45399130624,
        13.43571884824,
        13.429401139240001,
        13.58089251424,
        13.50766780624,
        13.55057151424,
        13.51220055524
      ],
      "exit_codes": [
        0,
        0,
        0,
        0,
        0,
        0,
        0,
        0,
        0,
        0
      ],
      "parameters": {
        "count": "1"
      }
    },
    {
      "command": "dart run build_runner build --delete-conflicting-outputs",
      "mean": 16.91851082284,
      "stddev": 0.15656484615528934,
      "median": 16.88339555624,
      "user": 21.36873834,
      "system": 1.2705215600000002,
      "min": 16.69191672324,
      "max": 17.17582805624,
      "times": [
        16.69191672324,
        16.89269955624,
        16.91190459824,
        16.87409155624,
        16.76770876424,
        16.841633848239997,
        17.15819713924,
        16.85282797224,
        17.17582805624,
        17.018300014239998
      ],
      "exit_codes": [
        0,
        0,
        0,
        0,
        0,
        0,
        0,
        0,
        0,
        0
      ],
      "parameters": {
        "count": "2"
      }
    },
    {
      "command": "dart run build_runner build --delete-conflicting-outputs",
      "mean": 20.13587821434,
      "stddev": 0.31494592016240275,
      "median": 20.08845299374,
      "user": 24.76272944,
      "system": 1.3328638599999998,
      "min": 19.73404822324,
      "max": 20.91741230624,
      "times": [
        20.21031101424,
        20.13896538924,
        20.13196751424,
        20.04493847324,
        19.95515947224,
        20.26797118024,
        20.91741230624,
        20.03939359724,
        19.73404822324,
        19.91861497324
      ],
      "exit_codes": [
        0,
        0,
        0,
        0,
        0,
        0,
        0,
        0,
        0,
        0
      ],
      "parameters": {
        "count": "3"
      }
    },
    {
      "command": "dart run build_runner build --delete-conflicting-outputs",
      "mean": 23.23937497674,
      "stddev": 0.2754035449410435,
      "median": 23.15877703524,
      "user": 27.932229739999997,
      "system": 1.34757216,
      "min": 22.85699626424,
      "max": 23.757246722239998,
      "times": [
        23.06114318024,
        23.461605889239998,
        23.16999963924,
        23.14755443124,
        22.85699626424,
        23.29713909724,
        23.00150888924,
        23.544793723239998,
        23.09576193124,
        23.757246722239998
      ],
      "exit_codes": [
        0,
        0,
        0,
        0,
        0,
        0,
        0,
        0,
        0,
        0
      ],
      "parameters": {
        "count": "4"
      }
    },
    {
      "command": "dart run build_runner build --delete-conflicting-outputs",
      "mean": 29.88569079344,
      "stddev": 0.40253476248791403,
      "median": 29.79425026424,
      "user": 39.525549639999994,
      "system": 1.8441521599999997,
      "min": 29.31179138924,
      "max": 30.65443513924,
      "times": [
        30.394912597239998,
        29.77911493124,
        30.065608556239997,
        29.55179218124,
        29.983392597239998,
        29.65019138924,
        29.31179138924,
        29.80938559724,
        29.65628355624,
        30.65443513924
      ],
      "exit_codes": [
        0,
        0,
        0,
        0,
        0,
        0,
        0,
        0,
        0,
        0
      ],
      "parameters": {
        "count": "5"
      }
    },
    {
      "command": "dart run build_runner build --delete-conflicting-outputs",
      "mean": 33.485602976840006,
      "stddev": 0.3500045912196784,
      "median": 33.428476951739995,
      "user": 43.21705863999999,
      "system": 1.8941316599999998,
      "min": 33.115750181239996,
      "max": 34.10214943124,
      "times": [
        33.115750181239996,
        33.208616681239995,
        34.10214943124,
        33.56048905624,
        33.344264264239996,
        33.60017334724,
        34.02525176424,
        33.51268963924,
        33.13263518124,
        33.25401022224
      ],
      "exit_codes": [
        0,
        0,
        0,
        0,
        0,
        0,
        0,
        0,
        0,
        0
      ],
      "parameters": {
        "count": "6"
      }
    },
    {
      "command": "dart run build_runner build --delete-conflicting-outputs",
      "mean": 33.385826564240006,
      "stddev": 0.5877620825344835,
      "median": 33.249880764240004,
      "user": 38.30508714,
      "system": 1.4664690599999997,
      "min": 32.852325806239996,
      "max": 34.591414847239996,
      "times": [
        32.87216455624,
        32.852325806239996,
        34.03517780624,
        34.591414847239996,
        32.93168701424,
        33.51601268124,
        32.98374884724,
        32.91278380524,
        33.59601305624,
        33.56693722224
      ],
      "exit_codes": [
        0,
        0,
        0,
        0,
        0,
        0,
        0,
        0,
        0,
        0
      ],
      "parameters": {
        "count": "7"
      }
    },
    {
      "command": "dart run build_runner build --delete-conflicting-outputs",
      "mean": 39.858939955939995,
      "stddev": 0.38602406947978257,
      "median": 39.93389582674,
      "user": 49.52548994,
      "system": 1.9571441599999997,
      "min": 39.137080889239996,
      "max": 40.49318555624,
      "times": [
        39.50915768024,
        39.57262180624,
        39.96715276424,
        39.98431805624,
        39.96207184824,
        39.788908681239995,
        40.49318555624,
        40.26918247224,
        39.90571980524,
        39.137080889239996
      ],
      "exit_codes": [
        0,
        0,
        0,
        0,
        0,
        0,
        0,
        0,
        0,
        0
      ],
      "parameters": {
        "count": "8"
      }
    },
    {
      "command": "dart run build_runner build --delete-conflicting-outputs",
      "mean": 40.36258447674,
      "stddev": 0.5695063503454199,
      "median": 40.46256672274,
      "user": 45.27924664,
      "system": 1.5897926599999999,
      "min": 39.472020847239996,
      "max": 41.07617597324,
      "times": [
        39.472020847239996,
        41.07617597324,
        39.54736434724,
        40.38690093124,
        40.40659959824,
        39.83701926424,
        40.51853384724,
        40.84814963924,
        40.55805088924,
        40.97502943024
      ],
      "exit_codes": [
        0,
        0,
        0,
        0,
        0,
        0,
        0,
        0,
        0,
        0
      ],
      "parameters": {
        "count": "9"
      }
    },
    {
      "command": "dart run build_runner build --delete-conflicting-outputs",
      "mean": 46.75611488524,
      "stddev": 0.4042753831127133,
      "median": 46.75157966024,
      "user": 56.56699754,
      "system": 2.04468526,
      "min": 46.10362413924,
      "max": 47.36505568124,
      "times": [
        46.58774297224,
        47.10041605624,
        46.30095659824,
        47.151032931239996,
        46.86472213924,
        46.46310393124,
        47.36505568124,
        46.63843718124,
        46.10362413924,
        46.98605722224
      ],
      "exit_codes": [
        0,
        0,
        0,
        0,
        0,
        0,
        0,
        0,
        0,
        0
      ],
      "parameters": {
        "count": "10"
      }
    }
  ]
}
