{
  "results": [
    {
      "command": "dart run build_runner build --delete-conflicting-outputs",
      "mean": 10.2961478224,
      "stddev": 0.06123401951960551,
      "median": 10.2883487977,
      "user": 14.502824819999997,
      "system": 1.08700022,
      "min": 10.2158372972,
      "max": 10.3937490892,
      "times": [
        10.255036006200001,
        10.2519955892,
        10.2482762562,
        10.2371537972,
        10.2158372972,
        10.3216615892,
        10.3362210472,
        10.358967380200001,
        10.3425801722,
        10.3937490892
      ],
      "exit_codes": [
        0,
        0,
        0,
        0,
        0,
        0,
        0,
        0,
        0,
        0
      ],
      "parameters": {
        "count": "1"
      }
    },
    {
      "command": "dart run build_runner build --delete-conflicting-outputs",
      "mean": 10.776840876600001,
      "stddev": 0.06642392573432704,
      "median": 10.7674865267,
      "user": 15.15730432,
      "system": 1.12980482,
      "min": 10.6996003392,
      "max": 10.9478241722,
      "times": [
        10.7322747972,
        10.759002756200001,
        10.7381357142,
        10.9478241722,
        10.6996003392,
        10.7899568812,
        10.7759702972,
        10.7565945052,
        10.7860487562,
        10.7830005472
      ],
      "exit_codes": [
        0,
        0,
        0,
        0,
        0,
        0,
        0,
        0,
        0,
        0
      ],
      "parameters": {
        "count": "2"
      }
    },
    {
      "command": "dart run build_runner build --delete-conflicting-outputs",
      "mean": 11.1120334517,
      "stddev": 0.04866242148367941,
      "median": 11.1088037977,
      "user": 15.631911619999997,
      "system": 1.15416442,
      "min": 11.0431209642,
      "max": 11.190966922200001,
      "times": [
        11.0616628392,
        11.1130155062,
        11.190966922200001,
        11.1045920892,
        11.0431209642,
        11.1214729222,
        11.120944381200001,
        11.1904423392,
        11.0964215062,
        11.0776950472
      ],
      "exit_codes": [
        0,
        0,
        0,
        0,
        0,
        0,
        0,
        0,
        0,
        0
      ],
      "parameters": {
        "count": "3"
      }
    },
    {
      "command": "dart run build_runner build --delete-conflicting-outputs",
      "mean": 11.449576730800002,
      "stddev": 0.02922008508743048,
      "median": 11.451467047200001,
      "user": 16.08833352,
      "system": 1.13247972,
      "min": 11.4092710472,
      "max": 11.496379923200001,
      "times": [
        11.420497881200001,
        11.496379923200001,
        11.4590928812,
        11.4553956722,
        11.410943297200001,
        11.481350089200001,
        11.4691091722,
        11.446188922200001,
        11.4092710472,
        11.447538422200001
      ],
      "exit_codes": [
        0,
        0,
        0,
        0,
        0,
        0,
        0,
        0,
        0,
        0
      ],
      "parameters": {
        "count": "4"
      }
    },
    {
      "command": "dart run build_runner build --delete-conflicting-outputs",
      "mean": 11.7665418184,
      "stddev": 0.22442961773455025,
      "median": 11.7013766522,
      "user": 16.50724782,
      "system": 1.1932105199999998,
      "min": 11.607544131200001,
      "max": 12.3559562562,
      "times": [
        11.7368326302,
        11.7224264222,
        11.6878892982,
        12.3559562562,
        11.6671345892,
        11.9133920892,
        11.6340847142,
        11.607544131200001,
        11.714864006200001,
        11.6252940472
      ],
      "exit_codes": [
        0,
        0,
        0,
        0,
        0,
        0,
        0,
        0,
        0,
        0
      ],
      "parameters": {
        "count": "5"
      }
    },
    {
      "command": "dart run build_runner build --delete-conflicting-outputs",
      "mean": 12.062513218400001,
      "stddev": 0.035012095824679866,
      "median": 12.0766954437,
      "user": 16.95488162,
      "system": 1.2229311200000001,
      "min": 11.9896712142,
      "max": 12.1030083392,
      "times": [
        12.094423089200001,
        12.0748509642,
        11.9896712142,
        12.053258256200001,
        12.038356631200001,
        12.1030083392,
        12.078539923200001,
        12.079199797200001,
        12.028196922200001,
        12.085627047200001
      ],
      "exit_codes": [
        0,
        0,
        0,
        0,
        0,
        0,
        0,
        0,
        0,
        0
      ],
      "parameters": {
        "count": "6"
      }
    },
    {
      "command": "dart run build_runner build --delete-conflicting-outputs",
      "mean": 12.388751589200002,
      "stddev": 0.06283263763137817,
      "median": 12.3961499642,
      "user": 17.383990420000003,
      "system": 1.23482842,
      "min": 12.2550167142,
      "max": 12.4993594222,
      "times": [
        12.3991405892,
        12.4993594222,
        12.3931593392,
        12.4047437562,
        12.2550167142,
        12.3906284232,
        12.3911931312,
        12.4195952552,
        12.4070352562,
        12.3276440052
      ],
      "exit_codes": [
        0,
        0,
        0,
        0,
        0,
        0,
        0,
        0,
        0,
        0
      ],
      "parameters": {
        "count": "7"
      }
    },
    {
      "command": "dart run build_runner build --delete-conflicting-outputs",
      "mean": 13.257474022600002,
      "stddev": 0.5203303928203674,
      "median": 13.2387406097,
      "user": 18.38639622,
      "system": 1.34787742,
      "min": 12.6691470892,
      "max": 14.074147548200001,
      "times": [
        12.786297881200001,
        12.8709752142,
        14.074147548200001,
        12.6691470892,
        12.709874922200001,
        13.4410871732,
        14.0162432972,
        13.529485881200001,
        13.4234285052,
        13.054052714200001
      ],
      "exit_codes": [
        0,
        0,
        0,
        0,
        0,
        0,
        0,
        0,
        0,
        0
      ],
      "parameters": {
        "count": "8"
      }
    },
    {
      "command": "dart run build_runner build --delete-conflicting-outputs",
      "mean": 13.9807854682,
      "stddev": 0.850423599307998,
      "median": 13.6800637347,
      "user": 19.28312482,
      "system": 1.40436672,
      "min": 13.1034507552,
      "max": 15.1671697972,
      "times": [
        13.6367465892,
        13.1034507552,
        13.2945000472,
        13.1210239642,
        13.7233808802,
        13.1960062142,
        14.7320378812,
        14.868960964200001,
        14.964577589200001,
        15.1671697972
      ],
      "exit_codes": [
        0,
        0,
        0,
        0,
        0,
        0,
        0,
        0,
        0,
        0
      ],
      "parameters": {
        "count": "9"
      }
    },
    {
      "command": "dart run build_runner build --delete-conflicting-outputs",
      "mean": 14.977711485099999,
      "stddev": 0.21290132084133892,
      "median": 14.9356567557,
      "user": 20.52680032,
      "system": 1.50531032,
      "min": 14.544503005200001,
      "max": 15.2817210062,
      "times": [
        14.9461616312,
        15.2817210062,
        15.208383964200001,
        14.8825057562,
        14.8795105482,
        15.0965874642,
        14.8713677562,
        14.544503005200001,
        14.9251518802,
        15.1412218392
      ],
      "exit_codes": [
        0,
        0,
        0,
        0,
        0,
        0,
        0,
        0,
        0,
        0
      ],
      "parameters": {
        "count": "10"
      }
    }
  ]
}
