{
  "results": [
    {
      "command": "../../tool/genq --input ./lib",
      "mean": 0.048321881559999995,
      "stddev": 0.024259211810205496,
      "median": 0.040184197660000004,
      "user": 0.038521759999999995,
      "system": 0.0027921,
      "min": 0.03988201116,
      "max": 0.11731663616,
      "times": [
        0.11731663616,
        0.039976011160000005,
        0.04005313516,
        0.04194388616,
        0.04002080216,
        0.04235617716,
        0.04134596916,
        0.040315260160000005,
        0.04000892716,
        0.03988201116
      ],
      "exit_codes": [
        0,
        0,
        0,
        0,
        0,
        0,
        0,
        0,
        0,
        0
      ],
      "parameters": {
        "count": "1"
      }
    },
    {
      "command": "../../tool/genq --input ./lib",
      "mean": 0.04434872346,
      "stddev": 0.0014637386336549328,
      "median": 0.04447028166,
      "user": 0.08163795999999998,
      "system": 0.0038993,
      "min": 0.042558344160000004,
      "max": 0.04695142816,
      "times": [
        0.04336863616,
        0.04695142816,
        0.04531638616,
        0.04476084416,
        0.042558344160000004,
        0.04283096916,
        0.04594184416,
        0.04457717816,
        0.042818219160000004,
        0.044363385160000005
      ],
      "exit_codes": [
        0,
        0,
        0,
        0,
        0,
        0,
        0,
        0,
        0,
        0
      ],
      "parameters": {
        "count": "2"
      }
    },
    {
      "command": "../../tool/genq --input ./lib",
      "mean": 0.05092155256000001,
      "stddev": 0.0019401978950660446,
      "median": 0.05111999016,
      "user": 0.13582086,
      "system": 0.0057983,
      "min": 0.048046552160000006,
      "max": 0.053112094160000005,
      "times": [
        0.05181321916,
        0.048242385160000005,
        0.04942271916,
        0.05042676116,
        0.048046552160000006,
        0.05235992716,
        0.052629928160000006,
        0.053112094160000005,
        0.05008201116,
        0.053079928160000005
      ],
      "exit_codes": [
        0,
        0,
        0,
        0,
        0,
        0,
        0,
        0,
        0,
        0
      ],
      "parameters": {
        "count": "3"
      }
    },
    {
      "command": "../../tool/genq --input ./lib",
      "mean": 0.06145983176000001,
      "stddev": 0.003039896126445414,
      "median": 0.061034761160000006,
      "user": 0.20733306,
      "system": 0.007410399999999999,
      "min": 0.05849546916,
      "max": 0.06780130216000001,
      "times": [
        0.05850263616,
        0.060893178160000005,
        0.06117634416000001,
        0.06780130216000001,
        0.06193851016,
        0.06525755216000001,
        0.05988813616,
        0.05849546916,
        0.058692886160000006,
        0.06195230316
      ],
      "exit_codes": [
        0,
        0,
        0,
        0,
        0,
        0,
        0,
        0,
        0,
        0
      ],
      "parameters": {
        "count": "4"
      }
    },
    {
      "command": "../../tool/genq --input ./lib",
      "mean": 0.07000841906000001,
      "stddev": 0.0029006514080500935,
      "median": 0.06976071916000001,
      "user": 0.28296766,
      "system": 0.010391800000000001,
      "min": 0.06548751016,
      "max": 0.07609855216,
      "times": [
        0.06548751016,
        0.07134834416000001,
        0.06959067816,
        0.06993076016000001,
        0.06899446916,
        0.07247634416,
        0.07609855216,
        0.07037221916,
        0.06798134416,
        0.06780396916
      ],
      "exit_codes": [
        0,
        0,
        0,
        0,
        0,
        0,
        0,
        0,
        0,
        0
      ],
      "parameters": {
        "count": "5"
      }
    },
    {
      "command": "../../tool/genq --input ./lib",
      "mean": 0.07802953146,
      "stddev": 0.0051901682726712165,
      "median": 0.07658465666,
      "user": 0.36247655999999995,
      "system": 0.0128844,
      "min": 0.07188651116,
      "max": 0.09063663516,
      "times": [
        0.07367613516,
        0.07639384416,
        0.07981880216000001,
        0.07748980216000001,
        0.08142513516000001,
        0.07188651116,
        0.07628146916,
        0.07677546916,
        0.07591151116,
        0.09063663516
      ],
      "exit_codes": [
        0,
        0,
        0,
        0,
        0,
        0,
        0,
        0,
        0,
        0
      ],
      "parameters": {
        "count": "6"
      }
    },
    {
      "command": "../../tool/genq --input ./lib",
      "mean": 0.08491451486000003,
      "stddev": 0.0031358284227339713,
      "median": 0.08402898966,
      "user": 0.4342156599999999,
      "system": 0.0145665,
      "min": 0.08045201116,
      "max": 0.09106621916,
      "times": [
        0.08045201116,
        0.08369830216,
        0.08196426016000001,
        0.09106621916,
        0.08781938616,
        0.08362413516,
        0.08435967716000001,
        0.08287326116,
        0.08665809416,
        0.08662980216
      ],
      "exit_codes": [
        0,
        0,
        0,
        0,
        0,
        0,
        0,
        0,
        0,
        0
      ],
      "parameters": {
        "count": "7"
      }
    },
    {
      "command": "../../tool/genq --input ./lib",
      "mean": 0.09337516486000001,
      "stddev": 0.004274758327821354,
      "median": 0.09256253166,
      "user": 0.50688236,
      "system": 0.0165066,
      "min": 0.08701071916,
      "max": 0.10094988516,
      "times": [
        0.09308621916000001,
        0.08911996916,
        0.09203884416000001,
        0.09770542716000001,
        0.09596067716000001,
        0.09024355216,
        0.09615996916000001,
        0.08701071916,
        0.10094988516,
        0.09147638616
      ],
      "exit_codes": [
        0,
        0,
        0,
        0,
        0,
        0,
        0,
        0,
        0,
        0
      ],
      "parameters": {
        "count": "8"
      }
    },
    {
      "command": "../../tool/genq --input ./lib",
      "mean": 0.10090306516,
      "stddev": 0.003731521524287587,
      "median": 0.10180469866,
      "user": 0.57461016,
      "system": 0.0176319,
      "min": 0.09599951116000001,
      "max": 0.10757896916000001,
      "times": [
        0.09945221916000001,
        0.09599951116000001,
        0.09696488616,
        0.10284546916000001,
        0.10273346916000001,
        0.10347130316,
        0.09625792716,
        0.10285096916,
        0.10087592816,
        0.10757896916000001
      ],
      "exit_codes": [
        0,
        0,
        0,
        0,
        0,
        0,
        0,
        0,
        0,
        0
      ],
      "parameters": {
        "count": "9"
      }
    },
    {
      "command": "../../tool/genq --input ./lib",
      "mean": 0.10951109416,
      "stddev": 0.0038154554604206553,
      "median": 0.10858578166,
      "user": 0.6329079599999999,
      "system": 0.0184781,
      "min": 0.10265680216,
      "max": 0.11435613616000001,
      "times": [
        0.11322351116000001,
        0.10794413616000001,
        0.10265680216,
        0.10879746916000001,
        0.10658084416000001,
        0.11371834416000001,
        0.11257067716000001,
        0.11435613616000001,
        0.10688892716000001,
        0.10837409416
      ],
      "exit_codes": [
        0,
        0,
        0,
        0,
        0,
        0,
        0,
        0,
        0,
        0
      ],
      "parameters": {
        "count": "10"
      }
    }
  ]
}
